{"epoch": 9, "train_loss": 1.1597506999969482, "_runtime": 1336, "_timestamp": 1643298462, "_step": 68, "val_loss": 4.3247857093811035, "rouge1_precision": 0.2586143416332095, "rouge1_recall": 0.17723527847420067, "rouge1_fmeasure": 0.19806814228880829, "rouge2_precision": 0.06952952707669688, "rouge2_recall": 0.057709024548501166, "rouge2_fmeasure": 0.06015354464056344, "rougeL_precision": 0.22508162696841935, "rougeL_recall": 0.15895696691947162, "rougeL_fmeasure": 0.17561392020083033}