{"epoch": 15, "train_loss": 2.939941167831421, "_runtime": 1964, "_timestamp": 1642909481, "_step": 92, "val_loss": 5.547732353210449}