{"fold_idx": 20, "_runtime": 3193, "_timestamp": 1643404049, "_step": 318, "epoch": 6, "train_loss": 1.9590967893600464, "val_loss": 4.149851628784406, "val_rouge1_precision": 0.2832227094938959, "val_rouge1_recall": 0.14752454237815554, "val_rouge1_fmeasure": 0.18248872298965188, "val_rouge2_precision": 0.052517303788490226, "val_rouge2_recall": 0.021671998910874384, "val_rouge2_fmeasure": 0.029661907860333177, "val_rougeL_precision": 0.24943836765870667, "val_rougeL_recall": 0.13397758815746702, "val_rougeL_fmeasure": 0.1639386887417536, "selection_crit": 0.19733562353816317, "_wandb": {"runtime": 3194}}