{"epoch": 3, "train_loss": 1.8903367519378662, "_runtime": 427, "_timestamp": 1643297081, "_step": 19, "val_loss": 3.596813678741455}