{"epoch": 19, "train_loss": 3.601978302001953, "_runtime": 2824, "_timestamp": 1643256621, "_step": 128, "val_loss": 3.615861415863037, "rouge1_precision": 0.2368101500176972, "rouge1_recall": 0.16850498940071854, "rouge1_fmeasure": 0.1829462685294633, "rouge2_precision": 0.053503310107083694, "rouge2_recall": 0.0445131553870382, "rouge2_fmeasure": 0.043541023238273226, "rougeL_precision": 0.20654591739497402, "rougeL_recall": 0.1519328285180588, "rougeL_fmeasure": 0.1626352761582687}