{"epoch": 6, "train_loss": 0.7834941744804382, "_runtime": 982, "_timestamp": 1643067629, "_step": 50, "val_loss": 4.816189765930176, "rouge1_precision": 0.1488795400522137, "rouge1_recall": 0.14626715044669686, "rouge1_fmeasure": 0.1310109957560547, "rouge2_precision": 0.016079384947309476, "rouge2_recall": 0.016150618111889215, "rouge2_fmeasure": 0.015285247410465223, "rougeL_precision": 0.1269282398563461, "rougeL_recall": 0.12541954781735748, "rougeL_fmeasure": 0.11130016848522387}