{"epoch": 3, "train_loss": 1.5056096315383911, "_runtime": 463, "_timestamp": 1642968497, "_step": 18, "val_loss": 5.248541831970215}