{"fold_idx": 10, "_runtime": 2115, "_timestamp": 1643309827, "_step": 127, "epoch": 4, "train_loss": 1.7738442420959473, "val_loss": 4.159595980644226, "rouge1_precision": 0.22026196026196027, "rouge1_recall": 0.13499409361606615, "rouge1_fmeasure": 0.1551464869272315, "rouge2_precision": 0.022431457431457434, "rouge2_recall": 0.025885408708938122, "rouge2_fmeasure": 0.022449639249639254, "rougeL_precision": 0.1943462093462094, "rougeL_recall": 0.12105948354015174, "rougeL_fmeasure": 0.137464080444825, "_wandb": {"runtime": 2115}}