{"rouge1_precision": 0.2516689092657316, "_runtime": 27, "_timestamp": 1643063475, "_step": 8, "rouge1_recall": 0.14408234880059223, "rouge1_fmeasure": 0.16827219956090753, "rouge2_precision": 0.04595823463747992, "rouge2_recall": 0.0323681201287954, "rouge2_fmeasure": 0.03357961400373945, "rougeL_precision": 0.22321659637945634, "rougeL_recall": 0.1317249054725028, "rougeL_fmeasure": 0.15181448954246587}