{"fold_idx": 20, "_runtime": 3464, "_timestamp": 1643429550, "_step": 348, "epoch": 7, "train_loss": 2.9593241214752197, "val_loss": 4.199884975360612, "val_rouge1_precision": 0.23743088361732428, "val_rouge1_recall": 0.1363598221599718, "val_rouge1_fmeasure": 0.1597829532638503, "val_rouge2_precision": 0.03123909988316768, "val_rouge2_recall": 0.01412830168175973, "val_rouge2_fmeasure": 0.01811734056707212, "val_rougeL_precision": 0.21354064955759866, "val_rougeL_recall": 0.12318081182404512, "val_rougeL_fmeasure": 0.14420166159950337, "selection_crit": 0.1822863779683999}