{"test_rouge1_precision": 0.2516689092657316, "_runtime": 25, "_timestamp": 1643486053, "_step": 8, "test_rouge1_recall": 0.14408234880059223, "test_rouge1_fmeasure": 0.16827219956090753, "test_rouge2_precision": 0.04595823463747992, "test_rouge2_recall": 0.0323681201287954, "test_rouge2_fmeasure": 0.03357961400373945, "test_rougeL_precision": 0.22321659637945634, "test_rougeL_recall": 0.1317249054725028, "test_rougeL_fmeasure": 0.15181448954246587}