{"epoch": 0, "loss": 7.571256160736084, "_runtime": 98, "_timestamp": 1642898227, "_step": 1, "train_loss": 7.571256160736084}