{"epoch": 19, "train_loss": 2.56648325920105, "_runtime": 2652, "_timestamp": 1643087034, "_step": 128, "val_loss": 3.7362051010131836, "rouge1_precision": 0.15261574536448544, "rouge1_recall": 0.21982540606138382, "rouge1_fmeasure": 0.16245075682152904, "rouge2_precision": 0.018935170173522576, "rouge2_recall": 0.031156454236073366, "rouge2_fmeasure": 0.021189963302908035, "rougeL_precision": 0.12166084848105096, "rougeL_recall": 0.1822988877584376, "rougeL_fmeasure": 0.13244506268698517}