{"epoch": 6, "train_loss": 1.9097660779953003, "_runtime": 939, "_timestamp": 1643244960, "_step": 50, "val_loss": 3.423511028289795, "rouge1_precision": 0.24480417381360778, "rouge1_recall": 0.17542328863954243, "rouge1_fmeasure": 0.18908630253320843, "rouge2_precision": 0.04405850962454736, "rouge2_recall": 0.039796174254962735, "rouge2_fmeasure": 0.037897174449079654, "rougeL_precision": 0.2114708404802744, "rougeL_recall": 0.15726294531409418, "rougeL_fmeasure": 0.1672362059127566}