{"fold_idx": 20, "_runtime": 4414, "_timestamp": 1643855991, "_step": 363, "epoch": 7, "train_loss": 4.319368839263916, "val_loss": 3.4516106096364685, "val_rouge1_precision": 0.17571036649721392, "val_rouge1_recall": 0.20749801120029612, "val_rouge1_fmeasure": 0.17007416071115936, "val_rouge2_precision": 0.022532960520721377, "val_rouge2_recall": 0.02657819911509395, "val_rouge2_fmeasure": 0.02188590882493718, "val_rougeL_precision": 0.1365871951690842, "val_rougeL_recall": 0.1687474101262185, "val_rougeL_fmeasure": 0.13506363511031347, "selection_crit": 0.18312041549422833}