{"epoch": 3, "train_loss": 1.4118951559066772, "_runtime": 423, "_timestamp": 1643299352, "_step": 19, "val_loss": 3.520343065261841}