{"epoch": 18, "train_loss": 2.5251126289367676, "_runtime": 2458, "_timestamp": 1643084359, "_step": 112, "val_loss": 3.648489236831665}