{"fold_idx": 10, "_runtime": 2301, "_timestamp": 1643321478, "_step": 231, "epoch": 0, "train_loss": 4.0736165046691895, "val_loss": 3.582966332850249, "val_rouge1_precision": 0.18987703118137905, "val_rouge1_recall": 0.12324257685744804, "val_rouge1_fmeasure": 0.1375882081456731, "val_rouge2_precision": 0.03649068322981366, "val_rouge2_recall": 0.016234671125975476, "val_rouge2_fmeasure": 0.02211677889571695, "val_rougeL_precision": 0.1741765480895916, "val_rougeL_recall": 0.11492915115271796, "val_rougeL_fmeasure": 0.12685641988960353}