{"epoch": 9, "train_loss": 2.709104537963867, "_runtime": 1288, "_timestamp": 1643261374, "_step": 68, "val_loss": 3.427018165588379, "rouge1_precision": 0.24160163119652567, "rouge1_recall": 0.175088447341385, "rouge1_fmeasure": 0.18731513661910104, "rouge2_precision": 0.046836287402325136, "rouge2_recall": 0.042306380588406405, "rouge2_fmeasure": 0.040532585362711024, "rougeL_precision": 0.2066372245340058, "rougeL_recall": 0.1557649880562533, "rougeL_fmeasure": 0.1639256185865491}