{"epoch": 0, "train_loss": 7.571256160736084, "_runtime": 618, "_timestamp": 1642898872, "_step": 30, "val_loss": 5.225607395172119}