{"epoch": 19, "train_loss": 2.7776894569396973, "_runtime": 2415, "_timestamp": 1642911931, "_step": 128, "val_loss": 5.623227119445801, "rouge1_precision": 0.2384627950665686, "rouge1_recall": 0.16599199628322842, "rouge1_fmeasure": 0.18292888477773833, "rouge2_precision": 0.05979675460807537, "rouge2_recall": 0.045153345638314024, "rouge2_fmeasure": 0.04595081529530241, "rougeL_precision": 0.21382014212202885, "rougeL_recall": 0.1514279274490504, "rougeL_fmeasure": 0.1647701361074766}