{"epoch": 7, "train_loss": 1.0276952981948853, "_runtime": 907, "_timestamp": 1643503242, "_step": 48, "test_rouge1_precision": 0.14466650219055172, "test_rouge1_recall": 0.2005923337093321, "test_rouge1_fmeasure": 0.14816242507745786, "test_rouge2_precision": 0.01655899753700443, "test_rouge2_recall": 0.01697463664430193, "test_rouge2_fmeasure": 0.015022660744846823, "test_rougeL_precision": 0.11566247710441122, "test_rougeL_recall": 0.15817555736033995, "test_rougeL_fmeasure": 0.11773741330579861}