{"epoch": 19, "train_loss": 2.1005308628082275, "_runtime": 2626, "_timestamp": 1643243812, "_step": 128, "val_loss": 3.6657276153564453, "rouge1_precision": 0.24461587555372238, "rouge1_recall": 0.17296985201675466, "rouge1_fmeasure": 0.1911663804149986, "rouge2_precision": 0.05698706429838505, "rouge2_recall": 0.0499946566729089, "rouge2_fmeasure": 0.04992262226035023, "rougeL_precision": 0.2179279069678626, "rougeL_recall": 0.15876421682091507, "rougeL_fmeasure": 0.173531181993618}