{"epoch": 6, "train_loss": 2.6428608894348145, "_runtime": 805, "_timestamp": 1643484611, "_step": 43, "test_rouge1_precision": 0.23335116603707062, "test_rouge1_recall": 0.15702744470614144, "test_rouge1_fmeasure": 0.17450918827163242, "test_rouge2_precision": 0.04729845626072041, "test_rouge2_recall": 0.040110639663767766, "test_rouge2_fmeasure": 0.03902735705338077, "test_rougeL_precision": 0.20637567821252611, "test_rougeL_recall": 0.1434085657197509, "test_rougeL_fmeasure": 0.15759029233220373}