{"epoch": 6, "train_loss": 0.2764706611633301, "_runtime": 759, "_timestamp": 1643074546, "_step": 50, "val_loss": 5.386387825012207, "rouge1_precision": 0.13064801798664757, "rouge1_recall": 0.0736921125380762, "rouge1_fmeasure": 0.08403144913545824, "rouge2_precision": 0.001451378809869376, "rouge2_recall": 0.0018867924528301887, "rouge2_fmeasure": 0.0016406890894175553, "rougeL_precision": 0.11842062274038442, "rougeL_recall": 0.06657430249018845, "rougeL_fmeasure": 0.07543207711766226}