{"epoch": 2, "train_loss": 2.8047378063201904, "_runtime": 449, "_timestamp": 1643422906, "_step": 23, "test_rouge1_precision": 0.23659223376204508, "test_rouge1_recall": 0.16551874668524538, "test_rouge1_fmeasure": 0.17980685258869006, "test_rouge2_precision": 0.04409976815637193, "test_rouge2_recall": 0.039761233653984394, "test_rouge2_fmeasure": 0.03728600541709993, "test_rougeL_precision": 0.2076251316817354, "test_rougeL_recall": 0.1496175695628199, "test_rougeL_fmeasure": 0.16043792221519948, "_wandb": {"runtime": 452}}