{"fold_idx": 20, "_runtime": 2056, "_timestamp": 1643409511, "_step": 213, "epoch": 4, "train_loss": 2.1966774463653564, "val_loss": 3.5176883855108487, "val_rouge1_precision": 0.24721911798182983, "val_rouge1_recall": 0.14013394514170685, "val_rouge1_fmeasure": 0.16322276681475323, "val_rouge2_precision": 0.053799872443940244, "val_rouge2_recall": 0.025848665860734914, "val_rouge2_fmeasure": 0.03312103587343086, "val_rougeL_precision": 0.21813450203280707, "val_rougeL_recall": 0.128259795538607, "val_rougeL_fmeasure": 0.14710795411494812, "selection_crit": 0.18542246819233232, "_wandb": {"runtime": 5239}}