{"epoch": 6, "train_loss": 2.157665491104126, "_runtime": 779, "_timestamp": 1643076095, "_step": 50, "val_loss": 3.578845500946045, "rouge1_precision": 0.1435163290122471, "rouge1_recall": 0.23896702545716914, "rouge1_fmeasure": 0.15734813158012675, "rouge2_precision": 0.017640327245202314, "rouge2_recall": 0.02773634174562967, "rouge2_fmeasure": 0.01882169090800737, "rougeL_precision": 0.10504574585457324, "rougeL_recall": 0.1808666604829845, "rougeL_fmeasure": 0.11631038176996127}