{"fold_idx": 0, "_runtime": 159, "_timestamp": 1643303871, "_step": 7, "epoch": 0, "train_loss": 4.237159252166748, "val_loss": 3.3905849266052246}