{"epoch": 12, "train_loss": 2.810898780822754, "_runtime": 1560, "_timestamp": 1642967843, "_step": 86, "val_loss": 5.204651355743408, "rouge1_precision": 0.22844398787795, "rouge1_recall": 0.15861364775907694, "rouge1_fmeasure": 0.17570149652161313, "rouge2_precision": 0.05885629046006405, "rouge2_recall": 0.04249987936109636, "rouge2_fmeasure": 0.04429955917046284, "rougeL_precision": 0.20137095608793715, "rougeL_recall": 0.1411853388213341, "rougeL_fmeasure": 0.1555117736663838}