{"epoch": 6, "train_loss": 1.3166686296463013, "_runtime": 755, "_timestamp": 1643064511, "_step": 50, "val_loss": 4.116365432739258, "rouge1_precision": 0.24185934610462917, "rouge1_recall": 0.17095288903999464, "rouge1_fmeasure": 0.1863541912341445, "rouge2_precision": 0.0433759113004396, "rouge2_recall": 0.03930901200017387, "rouge2_fmeasure": 0.037313428341674115, "rougeL_precision": 0.20891697401131362, "rougeL_recall": 0.15266430116343843, "rougeL_fmeasure": 0.1643191500565094}