{"fold_idx": 0, "_runtime": 174, "_timestamp": 1643474229, "_step": 18, "epoch": 1, "train_loss": 1.9852625131607056, "val_loss": 3.649521967112008, "val_rouge1_precision": 0.240808250130284, "val_rouge1_recall": 0.15646035272476025, "val_rouge1_fmeasure": 0.1759850502773798, "val_rouge2_precision": 0.050083156015359405, "val_rouge2_recall": 0.032537500882786966, "val_rouge2_fmeasure": 0.035161817335984495, "val_rougeL_precision": 0.21895740794045873, "val_rougeL_recall": 0.14711147880329978, "val_rougeL_fmeasure": 0.1636372746598443}