{"fold_idx": 10, "_runtime": 4335, "_timestamp": 1643314541, "_step": 239, "epoch": 9, "train_loss": 2.580167770385742, "val_loss": 3.783661723136902, "rouge1_precision": 0.2337117327117327, "rouge1_recall": 0.12373199816003477, "rouge1_fmeasure": 0.151084640258895, "rouge2_precision": 0.031017316017316013, "rouge2_recall": 0.02597531879884821, "rouge2_fmeasure": 0.025903881065171386, "rougeL_precision": 0.19799844599844604, "rougeL_recall": 0.10843230871904101, "rougeL_fmeasure": 0.1298853955620218}