{"epoch": 6, "train_loss": 1.2502341270446777, "_runtime": 1101, "_timestamp": 1642971564, "_step": 50, "val_loss": 6.553341865539551, "rouge1_precision": 0.21495528911119766, "rouge1_recall": 0.15998838114575617, "rouge1_fmeasure": 0.17214751002740433, "rouge2_precision": 0.06243033695863884, "rouge2_recall": 0.05061708402103133, "rouge2_fmeasure": 0.05157140194550735, "rougeL_precision": 0.20076218055364026, "rougeL_recall": 0.1507737418881092, "rougeL_fmeasure": 0.16172640312850262}