{"rouge1_precision": 0.2518507174167552, "_runtime": 28, "_timestamp": 1643049146, "_step": 8, "rouge1_recall": 0.13403393840148928, "rouge1_fmeasure": 0.16140833589155754, "rouge2_precision": 0.04613112254621689, "rouge2_recall": 0.03139240100888993, "rouge2_fmeasure": 0.03118812823437992, "rougeL_precision": 0.24142843529635985, "rougeL_recall": 0.13004322261832066, "rougeL_fmeasure": 0.1560155826234966}