{"epoch": 6, "train_loss": 1.0051735639572144, "_runtime": 778, "_timestamp": 1643069480, "_step": 50, "val_loss": 4.055027008056641, "rouge1_precision": 0.1758897480485568, "rouge1_recall": 0.1705637666097015, "rouge1_fmeasure": 0.15416131894583693, "rouge2_precision": 0.02279901273591781, "rouge2_recall": 0.02151881130322364, "rouge2_fmeasure": 0.019779172180008478, "rougeL_precision": 0.14851432057682062, "rougeL_recall": 0.14309177138015666, "rougeL_fmeasure": 0.1299148811500228}