{"epoch": 6, "train_loss": 1.1082344055175781, "_runtime": 988, "_timestamp": 1643424078, "_step": 43, "test_rouge1_precision": 0.24639227731332994, "test_rouge1_recall": 0.18445605941843124, "test_rouge1_fmeasure": 0.1955691588760118, "test_rouge2_precision": 0.06902719921587848, "test_rouge2_recall": 0.05743834833442871, "test_rouge2_fmeasure": 0.05818684186941588, "test_rougeL_precision": 0.21733184613025727, "test_rougeL_recall": 0.16481422420199757, "test_rougeL_fmeasure": 0.17356377512874413}