{"epoch": 19, "train_loss": 2.4288299083709717, "_runtime": 2185, "_timestamp": 1643078450, "_step": 128, "val_loss": 3.500943422317505, "rouge1_precision": 0.1360930536453454, "rouge1_recall": 0.25724880575297165, "rouge1_fmeasure": 0.16175727730679926, "rouge2_precision": 0.016092060761554134, "rouge2_recall": 0.031549596055408316, "rouge2_fmeasure": 0.019788024324778306, "rougeL_precision": 0.10145973079942386, "rougeL_recall": 0.1936238128775316, "rougeL_fmeasure": 0.12163204660805212}