{"epoch": 0, "train_loss": 4.560078144073486, "_runtime": 274, "_timestamp": 1654641257, "_step": 46, "test_rouge1_precision": 0.24003049299941637, "test_rouge1_recall": 0.17193260468382623, "test_rouge1_fmeasure": 0.18740703979239906, "test_rouge2_precision": 0.06247147229389183, "test_rouge2_recall": 0.04790342134667153, "test_rouge2_fmeasure": 0.05010066647835806, "test_rougeL_precision": 0.20999134975272601, "test_rougeL_recall": 0.15475172125848166, "test_rougeL_fmeasure": 0.16732880776713688}