{"fold_idx": 20, "_runtime": 2716, "_timestamp": 1643476990, "_step": 333, "epoch": 7, "train_loss": 4.760426998138428, "val_loss": 3.4787253737449646, "val_rouge1_precision": 0.24013133758896466, "val_rouge1_recall": 0.1422058970460377, "val_rouge1_fmeasure": 0.16444691220176919, "val_rouge2_precision": 0.0478841309349784, "val_rouge2_recall": 0.02674179493406024, "val_rouge2_fmeasure": 0.0322777044449834, "val_rougeL_precision": 0.20556931298456727, "val_rougeL_recall": 0.12735529637326645, "val_rougeL_fmeasure": 0.144869714228351, "selection_crit": 0.19057582379193513}