{"fold_idx": 0, "_runtime": 1660, "_timestamp": 1643338800, "_step": 149, "epoch": 9, "train_loss": 0.8964919447898865, "val_loss": 2.083808099219607, "val_rouge1_precision": 0.3147551897997928, "val_rouge1_recall": 0.21862170884010962, "val_rouge1_fmeasure": 0.24229769296914908, "val_rouge2_precision": 0.11034643322778914, "val_rouge2_recall": 0.08928029198998484, "val_rouge2_fmeasure": 0.09375801037955697, "val_rougeL_precision": 0.28873775149421893, "val_rougeL_recall": 0.20611640218410285, "val_rougeL_fmeasure": 0.22632350902214554}