{"epoch": 6, "train_loss": 1.2948747873306274, "_runtime": 907, "_timestamp": 1642980592, "_step": 50, "val_loss": 6.660414695739746, "rouge1_precision": 0.24887248495739056, "rouge1_recall": 0.15811830714404176, "rouge1_fmeasure": 0.1827404269714192, "rouge2_precision": 0.07005264127905637, "rouge2_recall": 0.04840381326170063, "rouge2_fmeasure": 0.05287395058329149, "rougeL_precision": 0.23225822919219136, "rougeL_recall": 0.149269503955616, "rougeL_fmeasure": 0.1713926641022777}