{"epoch": 6, "train_loss": 0.9246554374694824, "_runtime": 1080, "_timestamp": 1642969919, "_step": 50, "val_loss": 5.567961692810059, "rouge1_precision": 0.229973082165091, "rouge1_recall": 0.15394438430551255, "rouge1_fmeasure": 0.1739266776366104, "rouge2_precision": 0.08124438454627136, "rouge2_recall": 0.054459934967100915, "rouge2_fmeasure": 0.059514486007271813, "rougeL_precision": 0.2129717920505933, "rougeL_recall": 0.14444286298671224, "rougeL_fmeasure": 0.16190793025373587}