{"fold_idx": 20, "_runtime": 2219, "_timestamp": 1643568672, "_step": 213, "epoch": 2, "train_loss": 1.0097659826278687, "val_loss": 3.403000276472609, "val_rouge1_precision": 0.1623052090356698, "val_rouge1_recall": 0.1008522972644435, "val_rouge1_fmeasure": 0.10952727152532156, "val_rouge2_precision": 0.020007958143551365, "val_rouge2_recall": 0.009621743342685778, "val_rouge2_fmeasure": 0.012263045671332086, "val_rougeL_precision": 0.13713659510833207, "val_rougeL_recall": 0.0829999864620752, "val_rougeL_fmeasure": 0.09018352757542335, "selection_crit": 0.16938373407991072}