{"fold_idx": 0, "_runtime": 427, "_timestamp": 1643304430, "_step": 19, "epoch": 2, "train_loss": 3.9200949668884277, "val_loss": 3.412744417190552}