{"fold_idx": 20, "_runtime": 2857, "_timestamp": 1643472925, "_step": 348, "epoch": 4, "train_loss": 1.1445761919021606, "val_loss": 3.7069542150376207, "val_rouge1_precision": 0.25107616018632967, "val_rouge1_recall": 0.1319503692426814, "val_rouge1_fmeasure": 0.16028739563474245, "val_rouge2_precision": 0.047764570645926575, "val_rouge2_recall": 0.02312736746383176, "val_rouge2_fmeasure": 0.030511166889064675, "val_rougeL_precision": 0.22429423213321523, "val_rougeL_recall": 0.12264863121101474, "val_rougeL_fmeasure": 0.14673611865494665, "selection_crit": 0.18720915298028581, "_wandb": {"runtime": 2858}}