{"fold_idx": 10, "_runtime": 2147, "_timestamp": 1643307237, "_step": 127, "epoch": 4, "train_loss": 1.7738442420959473, "val_loss": 4.159595980644226, "rouge1_precision": 0.2603301533857089, "rouge1_recall": 0.19580403738276278, "rouge1_fmeasure": 0.21582305214928907, "rouge2_precision": 0.10806785806785807, "rouge2_recall": 0.09697356625461204, "rouge2_fmeasure": 0.10083607452367518, "rougeL_precision": 0.2239384586606809, "rougeL_recall": 0.17505676534328174, "rougeL_fmeasure": 0.1898986715739413}