{"epoch": 6, "train_loss": 0.8718557357788086, "_runtime": 1111, "_timestamp": 1642979154, "_step": 50, "val_loss": 5.896670818328857, "rouge1_precision": 0.23435395841056209, "rouge1_recall": 0.15306535104818317, "rouge1_fmeasure": 0.1752113195091541, "rouge2_precision": 0.06862210116927099, "rouge2_recall": 0.04723554285152509, "rouge2_fmeasure": 0.05057781581204577, "rougeL_precision": 0.22048732190241618, "rougeL_recall": 0.14428518118310768, "rougeL_fmeasure": 0.1645216171905021}