{"epoch": 7, "train_loss": 1.0323864221572876, "_runtime": 1126, "_timestamp": 1643569984, "_step": 48, "test_rouge1_precision": 0.2155831491370506, "test_rouge1_recall": 0.20133864495482678, "test_rouge1_fmeasure": 0.18634447678028057, "test_rouge2_precision": 0.03390537659405584, "test_rouge2_recall": 0.03267305628278816, "test_rouge2_fmeasure": 0.030429753376479237, "test_rougeL_precision": 0.17648012766721444, "test_rougeL_recall": 0.16891944631840636, "test_rougeL_fmeasure": 0.15473346264884394}