{"epoch": 19, "train_loss": 3.6073861122131348, "_runtime": 2692, "_timestamp": 1643253261, "_step": 128, "val_loss": 3.59578537940979, "rouge1_precision": 0.24577309482969853, "rouge1_recall": 0.16727945916575435, "rouge1_fmeasure": 0.18680209391049807, "rouge2_precision": 0.06136703966892646, "rouge2_recall": 0.04444009776681077, "rouge2_fmeasure": 0.04753949252174698, "rougeL_precision": 0.21568481309047347, "rougeL_recall": 0.14995108384763492, "rougeL_fmeasure": 0.1659305207812467}