{"epoch": 9, "train_loss": 0.3418003022670746, "_runtime": 1395, "_timestamp": 1643425586, "_step": 58, "test_rouge1_precision": 0.22557783657950137, "test_rouge1_recall": 0.14333875254463735, "test_rouge1_fmeasure": 0.16336155353394316, "test_rouge2_precision": 0.04843516022761306, "test_rouge2_recall": 0.032634782187910286, "test_rouge2_fmeasure": 0.0361000181817596, "test_rougeL_precision": 0.2003237405706884, "test_rougeL_recall": 0.12970559013789004, "test_rougeL_fmeasure": 0.1464404711193615}