{"fold_idx": 0, "_runtime": 451, "_timestamp": 1643305008, "_step": 21, "epoch": 2, "train_loss": 2.972855567932129, "val_loss": 3.3877056312561034}