{"fold_idx": 20, "_runtime": 2307, "_timestamp": 1643483349, "_step": 288, "epoch": 7, "train_loss": 3.942561626434326, "val_loss": 3.8823734486507155, "val_rouge1_precision": 0.23512577347323105, "val_rouge1_recall": 0.14376890775322307, "val_rouge1_fmeasure": 0.16449141678319826, "val_rouge2_precision": 0.04374556705065179, "val_rouge2_recall": 0.02419404721583711, "val_rouge2_fmeasure": 0.03023139175681549, "val_rougeL_precision": 0.19631818275886068, "val_rougeL_recall": 0.1269553882297096, "val_rougeL_fmeasure": 0.14195714263068984, "selection_crit": 0.18414160274571242}