{"fold_idx": 0, "_runtime": 798, "_timestamp": 1643413497, "_step": 78, "epoch": 5, "train_loss": 1.169757604598999, "val_loss": 3.897145362223609, "val_rouge1_precision": 0.25536508191044577, "val_rouge1_recall": 0.16329703212722915, "val_rouge1_fmeasure": 0.1855255342735845, "val_rouge2_precision": 0.05857668696651748, "val_rouge2_recall": 0.031216872034396576, "val_rouge2_fmeasure": 0.03832168565612109, "val_rougeL_precision": 0.2274311279171697, "val_rougeL_recall": 0.1486565856124058, "val_rougeL_fmeasure": 0.16771172252570166, "_wandb": {"runtime": 816}}