{"epoch": 0, "train_loss": 4.698102951049805, "_runtime": 156, "_timestamp": 1642974344, "_step": 14, "val_loss": 4.87184476852417, "rouge1_precision": 0.1894522144522144, "rouge1_recall": 0.13684255889931776, "rouge1_fmeasure": 0.1469748786976222, "rouge2_precision": 0.04026382422608837, "rouge2_recall": 0.03523952924618851, "rouge2_fmeasure": 0.03281431308900316, "rougeL_precision": 0.1773881778598759, "rougeL_recall": 0.13121802968988291, "rougeL_fmeasure": 0.13934823710871647}