{"fold_idx": 20, "_runtime": 3930, "_timestamp": 1643490294, "_step": 438, "epoch": 9, "train_loss": 0.4605322480201721, "val_loss": 4.611264778648392, "val_rouge1_precision": 0.22659982512772445, "val_rouge1_recall": 0.18026070831008145, "val_rouge1_fmeasure": 0.17559121819836152, "val_rouge2_precision": 0.05081989374401041, "val_rouge2_recall": 0.033099963945157566, "val_rouge2_fmeasure": 0.036395496842982746, "val_rougeL_precision": 0.19134084886674974, "val_rougeL_recall": 0.15348161247657982, "val_rougeL_fmeasure": 0.14841004466756832, "selection_crit": 0.17282131611358195, "_wandb": {"runtime": 3931}}