{"fold_idx": 20, "_runtime": 3137, "_timestamp": 1643399607, "_step": 303, "epoch": 6, "train_loss": 1.490432858467102, "val_loss": 3.6099187009415385, "val_rouge1_precision": 0.2514948107171437, "val_rouge1_recall": 0.1407262887870251, "val_rouge1_fmeasure": 0.1685958937438903, "val_rouge2_precision": 0.03953273656663487, "val_rouge2_recall": 0.018184405252674125, "val_rouge2_fmeasure": 0.02411077741005392, "val_rougeL_precision": 0.21898498089923815, "val_rougeL_recall": 0.12885328305608762, "val_rougeL_fmeasure": 0.15176677750365158, "selection_crit": 0.19247054852812165, "_wandb": {"runtime": 3137}}