{"epoch": 9, "train_loss": 3.3012349605560303, "_runtime": 1100, "_timestamp": 1642900003, "_step": 68, "val_loss": 5.058992862701416, "rouge1_precision": 0.23231569269305102, "rouge1_recall": 0.15886703887276948, "rouge1_fmeasure": 0.17636653582519687, "rouge2_precision": 0.06672792616188843, "rouge2_recall": 0.04864049235520548, "rouge2_fmeasure": 0.05054302933459929, "rougeL_precision": 0.21236143311615, "rougeL_recall": 0.14951260050889723, "rougeL_fmeasure": 0.1637694041235082}