{"epoch": 6, "train_loss": 1.6556098461151123, "_runtime": 897, "_timestamp": 1642973747, "_step": 50, "val_loss": 6.573726177215576, "rouge1_precision": 0.24844529930545467, "rouge1_recall": 0.17318204173850543, "rouge1_fmeasure": 0.19451769343637038, "rouge2_precision": 0.07441395082904517, "rouge2_recall": 0.0565555148096286, "rouge2_fmeasure": 0.05983919474258905, "rougeL_precision": 0.22670687001985554, "rougeL_recall": 0.1605938901607809, "rougeL_fmeasure": 0.17874899399252736}