{"epoch": 6, "train_loss": 0.622647762298584, "_runtime": 895, "_timestamp": 1642975527, "_step": 50, "val_loss": 6.818408489227295, "rouge1_precision": 0.19077568134171896, "rouge1_recall": 0.1221884381542132, "rouge1_fmeasure": 0.13958039693509317, "rouge2_precision": 0.03537735849056604, "rouge2_recall": 0.030616935167434606, "rouge2_fmeasure": 0.028872358854230503, "rougeL_precision": 0.18029350104821792, "rougeL_recall": 0.11663403448660199, "rougeL_fmeasure": 0.13237945671528503}