{"epoch": 9, "train_loss": 2.0826146602630615, "_runtime": 1313, "_timestamp": 1643300730, "_step": 68, "val_loss": 3.4757697582244873, "rouge1_precision": 0.2507392240882807, "rouge1_recall": 0.1763122125341944, "rouge1_fmeasure": 0.19383901746680504, "rouge2_precision": 0.052493209096982685, "rouge2_recall": 0.042217352369814554, "rouge2_fmeasure": 0.04304102975629339, "rougeL_precision": 0.2175305826249222, "rougeL_recall": 0.15682750298426915, "rougeL_fmeasure": 0.1710072365133302}