{"fold_idx": 20, "_runtime": 4318, "_timestamp": 1643566382, "_step": 258, "epoch": 6, "train_loss": 4.773711204528809, "val_loss": 4.121675432738611, "val_rouge1_precision": 0.10352459832852944, "val_rouge1_recall": 0.2863095581051921, "val_rouge1_fmeasure": 0.1418200146229195, "val_rouge2_precision": 0.015033681965476319, "val_rouge2_recall": 0.028873802865341202, "val_rouge2_fmeasure": 0.017866635395580595, "val_rougeL_precision": 0.06859097331626936, "val_rougeL_recall": 0.19840559453178053, "val_rougeL_fmeasure": 0.09439359052245244, "selection_crit": 0.14920129401733492}