{"fold_idx": 20, "_runtime": 5095, "_timestamp": 1643501729, "_step": 348, "epoch": 9, "train_loss": 4.115772724151611, "val_loss": 4.012401271674593, "val_rouge1_precision": 0.10042562364324917, "val_rouge1_recall": 0.3410450540219562, "val_rouge1_fmeasure": 0.14631656426884931, "val_rouge2_precision": 0.01075291365191912, "val_rouge2_recall": 0.034477842959207014, "val_rouge2_fmeasure": 0.015229332756465243, "val_rougeL_precision": 0.06595601671916919, "val_rougeL_recall": 0.24046820231721414, "val_rougeL_fmeasure": 0.09707498092210341, "selection_crit": 0.1435451654925896, "_wandb": {"runtime": 5696}}