{"epoch": 6, "train_loss": 4.191313743591309, "_runtime": 957, "_timestamp": 1643250172, "_step": 50, "val_loss": 3.3620715141296387, "rouge1_precision": 0.23701675682807763, "rouge1_recall": 0.17083929820649532, "rouge1_fmeasure": 0.18283082453494515, "rouge2_precision": 0.040648135931154794, "rouge2_recall": 0.040110639663767766, "rouge2_fmeasure": 0.0368601321598697, "rougeL_precision": 0.20862434211490818, "rougeL_recall": 0.15657445877655107, "rougeL_fmeasure": 0.16514788685635673}