{"fold_idx": 20, "_runtime": 3553, "_timestamp": 1643342415, "_step": 333, "epoch": 8, "train_loss": 0.9690470099449158, "val_loss": 4.412796988325604, "val_rouge1_precision": 0.2473310352547641, "val_rouge1_recall": 0.13794516440432955, "val_rouge1_fmeasure": 0.16068558641139968, "val_rouge2_precision": 0.03776689412282633, "val_rouge2_recall": 0.02283653085087491, "val_rouge2_fmeasure": 0.02663483475528369, "val_rougeL_precision": 0.220260742082776, "val_rougeL_recall": 0.1289475467405732, "val_rougeL_fmeasure": 0.1476279924839467, "selection_crit": 0.17579333859931734}