{"fold_idx": 20, "_runtime": 2095, "_timestamp": 1643416462, "_step": 213, "epoch": 3, "train_loss": 1.3743394613265991, "val_loss": 3.3897640068652266, "val_rouge1_precision": 0.25074671091620243, "val_rouge1_recall": 0.15543208325612937, "val_rouge1_fmeasure": 0.17446462272184474, "val_rouge2_precision": 0.05799356011220418, "val_rouge2_recall": 0.033758541584306655, "val_rouge2_fmeasure": 0.03952024786036381, "val_rougeL_precision": 0.22250404962269366, "val_rougeL_recall": 0.1442707327716299, "val_rougeL_fmeasure": 0.15919190477576756, "selection_crit": 0.18960594050425608, "_wandb": {"runtime": 2096}}