{"epoch": 12, "train_loss": 3.0615196228027344, "_runtime": 1558, "_timestamp": 1642913993, "_step": 86, "val_loss": 5.000576019287109, "rouge1_precision": 0.22857111442017095, "rouge1_recall": 0.15526144635208267, "rouge1_fmeasure": 0.17461171611290915, "rouge2_precision": 0.07324106710899164, "rouge2_recall": 0.05072123317068547, "rouge2_fmeasure": 0.055537223459338966, "rougeL_precision": 0.2132732571411816, "rougeL_recall": 0.1471652099539595, "rougeL_fmeasure": 0.16420923109513744}