{"epoch": 6, "train_loss": 2.0935065746307373, "_runtime": 897, "_timestamp": 1642977803, "_step": 50, "val_loss": 4.5068793296813965, "rouge1_precision": 0.2568619273807953, "rouge1_recall": 0.15970711814815966, "rouge1_fmeasure": 0.18664813674244593, "rouge2_precision": 0.04797911731873996, "rouge2_recall": 0.031859146973487254, "rouge2_fmeasure": 0.03657904522753476, "rougeL_precision": 0.23099434632453494, "rougeL_recall": 0.14246745607242506, "rougeL_fmeasure": 0.1668252611441288}