{"fold_idx": 0, "_runtime": 311, "_timestamp": 1643474025, "_step": 34, "epoch": 2, "train_loss": 3.5645968914031982, "val_loss": 3.9515918735730446, "val_rouge1_precision": 0.2805384587164248, "val_rouge1_recall": 0.18035261601422095, "val_rouge1_fmeasure": 0.20396882818641232, "val_rouge2_precision": 0.0677201800083156, "val_rouge2_recall": 0.04810070406077736, "val_rouge2_fmeasure": 0.05221947329387024, "val_rougeL_precision": 0.25267141051039355, "val_rougeL_recall": 0.16824717662433056, "val_rougeL_fmeasure": 0.1876453999020925}