{"epoch": 9, "train_loss": 3.8294713497161865, "_runtime": 1222, "_timestamp": 1642904743, "_step": 68, "val_loss": 5.0456743240356445, "rouge1_precision": 0.23250198438877676, "rouge1_recall": 0.15391537435059857, "rouge1_fmeasure": 0.17481777934074688, "rouge2_precision": 0.06159301914018894, "rouge2_recall": 0.042453634448036806, "rouge2_fmeasure": 0.04574383348733425, "rougeL_precision": 0.21413434573811932, "rougeL_recall": 0.14284791373000988, "rougeL_fmeasure": 0.16141438313854217}