{"epoch": 2, "train_loss": 5.007674694061279, "_runtime": 365, "_timestamp": 1642966159, "_step": 17, "val_loss": 5.197196960449219}