{"epoch": 5, "train_loss": 1.8459980487823486, "_runtime": 848, "_timestamp": 1643422289, "_step": 38, "test_rouge1_precision": 0.23558752568186525, "test_rouge1_recall": 0.16700523224206226, "test_rouge1_fmeasure": 0.18011215289663013, "test_rouge2_precision": 0.0537086603124339, "test_rouge2_recall": 0.042479113258656456, "test_rouge2_fmeasure": 0.04317063512582809, "test_rougeL_precision": 0.20319546805395855, "test_rougeL_recall": 0.14822500479885495, "test_rougeL_fmeasure": 0.15801449387211394, "_wandb": {"runtime": 851}}