{"fold_idx": 20, "_runtime": 4502, "_timestamp": 1643496352, "_step": 393, "epoch": 8, "train_loss": 3.4766976833343506, "val_loss": 3.426145623295994, "val_rouge1_precision": 0.16731359630233744, "val_rouge1_recall": 0.18549181021916814, "val_rouge1_fmeasure": 0.15464831496182568, "val_rouge2_precision": 0.019853528752574817, "val_rouge2_recall": 0.025804154682257212, "val_rouge2_fmeasure": 0.021231499733746648, "val_rougeL_precision": 0.13554348198552116, "val_rougeL_recall": 0.1539829379060923, "val_rougeL_fmeasure": 0.1262060836916174, "selection_crit": 0.1859908419195888, "_wandb": {"runtime": 4504}}