{"epoch": 9, "train_loss": 1.6292403936386108, "_runtime": 1151, "_timestamp": 1642906996, "_step": 68, "val_loss": 5.208552360534668, "rouge1_precision": 0.24088092201299746, "rouge1_recall": 0.15977551884033586, "rouge1_fmeasure": 0.18141128308823679, "rouge2_precision": 0.07007609790628659, "rouge2_recall": 0.04804519420163873, "rouge2_fmeasure": 0.051947887307721416, "rougeL_precision": 0.22420472609151854, "rougeL_recall": 0.15152046152867482, "rougeL_fmeasure": 0.1704456062281791}