{"fold_idx": 20, "_runtime": 5199, "_timestamp": 1643561765, "_step": 423, "epoch": 8, "train_loss": 3.4583284854888916, "val_loss": 3.442471152645046, "val_rouge1_precision": 0.15146731636699412, "val_rouge1_recall": 0.22870333733529696, "val_rouge1_fmeasure": 0.16317011815587237, "val_rouge2_precision": 0.018116202229579274, "val_rouge2_recall": 0.03335914714767609, "val_rouge2_fmeasure": 0.020845127208523707, "val_rougeL_precision": 0.10642523183986388, "val_rougeL_recall": 0.16949694223732165, "val_rougeL_fmeasure": 0.11675953976522029, "selection_crit": 0.19743482098179035}