{"fold_idx": 20, "_runtime": 3716, "_timestamp": 1643396357, "_step": 363, "epoch": 9, "train_loss": 2.5949630737304688, "val_loss": 3.44892800157353, "val_rouge1_precision": 0.28227751256166006, "val_rouge1_recall": 0.15364922474881085, "val_rouge1_fmeasure": 0.18298766747924272, "val_rouge2_precision": 0.060149313962873284, "val_rouge2_recall": 0.024986379173292113, "val_rouge2_fmeasure": 0.034353868002673135, "val_rougeL_precision": 0.24335632795253923, "val_rougeL_recall": 0.13792454214152047, "val_rougeL_fmeasure": 0.16132847514693557, "selection_crit": 0.18304351958989393, "_wandb": {"runtime": 3823}}