{"epoch": 6, "train_loss": 1.0381673574447632, "_runtime": 724, "_timestamp": 1643051524, "_step": 50, "val_loss": 6.39406681060791, "rouge1_precision": 0.2484771779583099, "rouge1_recall": 0.1813377158355313, "rouge1_fmeasure": 0.19811901635535872, "rouge2_precision": 0.07131422037082413, "rouge2_recall": 0.05780515307369527, "rouge2_fmeasure": 0.05925311148516727, "rougeL_precision": 0.2222742927931606, "rougeL_recall": 0.16529460553603922, "rougeL_fmeasure": 0.17888341076527897}