{"epoch": 6, "train_loss": 0.7002336978912354, "_runtime": 950, "_timestamp": 1643065925, "_step": 50, "val_loss": 4.235902309417725, "rouge1_precision": 0.3019215061667892, "rouge1_recall": 0.17369221471835447, "rouge1_fmeasure": 0.20589267370449085, "rouge2_precision": 0.07653489068583408, "rouge2_recall": 0.0473646005000056, "rouge2_fmeasure": 0.054323145759061636, "rougeL_precision": 0.26499292112499656, "rougeL_recall": 0.15596620244599435, "rougeL_fmeasure": 0.18400321969913397}