{"epoch": 19, "train_loss": 2.413428783416748, "_runtime": 2656, "_timestamp": 1643129702, "_step": 128, "val_loss": 3.417680501937866, "rouge1_precision": 0.24030023651277813, "rouge1_recall": 0.17395392549376654, "rouge1_fmeasure": 0.18751646592905966, "rouge2_precision": 0.04268629693157996, "rouge2_recall": 0.039481708846157704, "rouge2_fmeasure": 0.037044263914641225, "rougeL_precision": 0.2079718206937963, "rougeL_recall": 0.15704136767614013, "rougeL_fmeasure": 0.1666312645023909}