{"fold_idx": 0, "_runtime": 583, "_timestamp": 1643414347, "_step": 61, "epoch": 4, "train_loss": 3.1833479404449463, "val_loss": 3.746614619836969, "val_rouge1_precision": 0.2572051909539446, "val_rouge1_recall": 0.16995442714537995, "val_rouge1_fmeasure": 0.19386336423669115, "val_rouge2_precision": 0.068928999437474, "val_rouge2_recall": 0.04525189138132503, "val_rouge2_fmeasure": 0.05137379042504893, "val_rougeL_precision": 0.2347915170572199, "val_rougeL_recall": 0.16012591764956802, "val_rougeL_fmeasure": 0.1804081857847649}