{"epoch": 4, "train_loss": 1.6617990732192993, "_runtime": 457, "_timestamp": 1643062477, "_step": 26, "val_loss": 5.806898593902588}